<?xml version="1.0" encoding="utf-8"?>
<vector android:height="512.0dip" android:width="512.0dip" android:viewportWidth="512.0" android:viewportHeight="512.0"
  xmlns:android="http://schemas.android.com/apk/res/android">
    <group>
        <clip-path android:pathData="M256,256m-256,0a256,256 0,1 1,512 0a256,256 0,1 1,-512 0" />
        <path android:fillColor="#ffd80027" android:pathData="M204.8,0h307.2v512H204.8z" />
        <path android:fillColor="#ff006600" android:pathData="M0,0h204.8v512H0z" />
        <path android:fillColor="#ffffda44" android:pathData="M204.8,256m-96,0a96,96 0,1 1,192 0a96,96 0,1 1,-192 0" />
        <path android:fillColor="#ffd80027" android:pathData="M204.8,256m-64,0a64,64 0,1 1,128 0a64,64 0,1 1,-128 0" />
        <path android:fillColor="#ffeeeeee" android:pathData="M204.8,256m-48,0a48,48 0,1 1,96 0a48,48 0,1 1,-96 0" />
    </group>
</vector>
