<?xml version="1.0" encoding="utf-8"?>
<vector android:height="24.0dip" android:width="24.0dip" android:viewportWidth="24.0" android:viewportHeight="24.0"
  xmlns:android="http://schemas.android.com/apk/res/android">
    <path android:fillColor="#00000000" android:pathData="m8,2 l1.88,1.88" android:strokeColor="#ff000000" android:strokeWidth="2.0" android:strokeLineCap="round" android:strokeLineJoin="round" />
    <path android:fillColor="#00000000" android:pathData="M14.12,3.88 L16,2" android:strokeColor="#ff000000" android:strokeWidth="2.0" android:strokeLineCap="round" android:strokeLineJoin="round" />
    <path android:fillColor="#00000000" android:pathData="M9,7.13v-1a3.003,3.003 0,1 1,6 0v1" android:strokeColor="#ff000000" android:strokeWidth="2.0" android:strokeLineCap="round" android:strokeLineJoin="round" />
    <path android:fillColor="#00000000" android:pathData="M12,20c-3.3,0 -6,-2.7 -6,-6v-3a4,4 0,0 1,4 -4h4a4,4 0,0 1,4 4v3c0,3.3 -2.7,6 -6,6" android:strokeColor="#ff000000" android:strokeWidth="2.0" android:strokeLineCap="round" android:strokeLineJoin="round" />
    <path android:fillColor="#00000000" android:pathData="M12,20v-9" android:strokeColor="#ff000000" android:strokeWidth="2.0" android:strokeLineCap="round" android:strokeLineJoin="round" />
    <path android:fillColor="#00000000" android:pathData="M6.53,9C4.6,8.8 3,7.1 3,5" android:strokeColor="#ff000000" android:strokeWidth="2.0" android:strokeLineCap="round" android:strokeLineJoin="round" />
    <path android:fillColor="#00000000" android:pathData="M6,13H2" android:strokeColor="#ff000000" android:strokeWidth="2.0" android:strokeLineCap="round" android:strokeLineJoin="round" />
    <path android:fillColor="#00000000" android:pathData="M3,21c0,-2.1 1.7,-3.9 3.8,-4" android:strokeColor="#ff000000" android:strokeWidth="2.0" android:strokeLineCap="round" android:strokeLineJoin="round" />
    <path android:fillColor="#00000000" android:pathData="M20.97,5c0,2.1 -1.6,3.8 -3.5,4" android:strokeColor="#ff000000" android:strokeWidth="2.0" android:strokeLineCap="round" android:strokeLineJoin="round" />
    <path android:fillColor="#00000000" android:pathData="M22,13h-4" android:strokeColor="#ff000000" android:strokeWidth="2.0" android:strokeLineCap="round" android:strokeLineJoin="round" />
    <path android:fillColor="#00000000" android:pathData="M17.2,17c2.1,0.1 3.8,1.9 3.8,4" android:strokeColor="#ff000000" android:strokeWidth="2.0" android:strokeLineCap="round" android:strokeLineJoin="round" />
</vector>
