<?xml version="1.0" encoding="utf-8"?>
<layer-list
  xmlns:android="http://schemas.android.com/apk/res/android">
    <item android:id="@android:id/background">
        <shape android:shape="rectangle">
            <stroke android:width="1.0dip" android:color="@color/ifl_black" />
            <corners android:radius="6.0dip" />
            <solid android:color="@color/ifl_tile_color_light" />
        </shape>
    </item>
    <item android:id="@android:id/progress">
        <scale android:scaleWidth="100%">
            <shape android:shape="rectangle">
                <corners android:radius="6.0dip" />
                <solid android:color="@color/ifl_black" />
            </shape>
        </scale>
    </item>
</layer-list>
