<?xml version="1.0" encoding="utf-8"?>
<vector android:height="512.0dip" android:width="512.0dip" android:viewportWidth="512.0" android:viewportHeight="512.0"
  xmlns:android="http://schemas.android.com/apk/res/android">
    <group>
        <clip-path android:pathData="M256,256m-256,0a256,256 0,1 1,512 0a256,256 0,1 1,-512 0" />
        <path android:fillColor="#ffd80027" android:pathData="M0,0h512v512H0z" />
        <path android:fillColor="#ff6da544" android:pathData="M196.6,0h315.4v512H196.6z" />
        <path android:fillColor="#ffffda44" android:pathData="M196.6,256m-64,0a64,64 0,1 1,128 0a64,64 0,1 1,-128 0" android:strokeColor="#ffd80027" android:strokeWidth="10.7" />
        <path android:fillColor="#ffd80027" android:pathData="M160.7,234.4v42.7c0,19.8 15.9,35.9 35.9,35.9s35.9,-16 35.9,-35.9V234.4z" />
        <path android:fillColor="#ffeeeeee" android:pathData="M196.6,288.9a22.3,22.3 0,0 1,-22.3 -22.3v-11.1h44.5v11.1a22.3,22.3 0,0 1,-22.3 22.3z" />
    </group>
</vector>
